ldraw_id,bricklink_id,description,colour,qty
3008,3008,Brick  1 x  8,Black,6
3003,3003,Brick  2 x  2,Dark Bluish Gray,2
3023b,3023b,Plate  1 x  2,Black,2
3023b,3023b,Plate  1 x  2,Dark Bluish Gray,6
3460,3460,Plate  1 x  8,Black,2
3022,3022,Plate  2 x  2,Dark Bluish Gray,1
3020,3020,Plate  2 x  4,Black,3
3034,3034,Plate  2 x  8,Black,2
4282,4282,Plate  2 x 16,Black,6
3032,3032,Plate  4 x  6,Dark Bluish Gray,2
3036,3036,Plate  6 x  8,Black,1
3027,3027,Plate  6 x 16,Black,3
41539,41539,Plate  8 x  8,Dark Bluish Gray,1
92438,92438,Plate  8 x 16,Dark Bluish Gray,3
32062,32062,Technic Axle  2 Notched,Light Bluish Gray,1
3705,3705,Technic Axle  4,Light Bluish Gray,1
3705,3705,Technic Axle  4,Dark Bluish Gray,1
32073,32073,Technic Axle  5,Light Bluish Gray,2
3708,3708,Technic Axle 12,Light Bluish Gray,4
6538a,6538c,Technic Axle Joiner,Dark Bluish Gray,1
6632,6632,Technic Beam  3 x  0.5 Liftarm,Dark Bluish Gray,1
32017,32017,Technic Beam  5 x  0.5,Dark Bluish Gray,1
32524,32524,Technic Beam  7,Light Bluish Gray,2
3700,3700,Technic Brick  1 x  2 with Hole,Black,2
3700,3700,Technic Brick  1 x  2 with Hole,Light Bluish Gray,2
3700,3700,Technic Brick  1 x  2 with Hole,Dark Bluish Gray,2
3702,3702,Technic Brick  1 x  8 with Holes,Dark Bluish Gray,4
2730,2730,Technic Brick  1 x 10 with Holes,Black,2
3703,3703,Technic Brick  1 x 16 with Holes,Black,2
32123a,4265c,Technic Bush  1/2 Smooth with Axle Hole Reduced,Light Bluish Gray,10
3713,3713,Technic Bush with Two Flanges,Light Bluish Gray,4
3673,3673,Technic Pin,Light Bluish Gray,2
2780,2780,Technic Pin with Friction and Slots,Black,2
3709b,3709b,Technic Plate  2 x  4 with Holes,Black,1
3709b,3709b,Technic Plate  2 x  4 with Holes,Dark Bluish Gray,2
3680c01,3680c02,Turntable  2 x  2 Plate with Light Grey Top,Light Bluish Gray,2
3403c01,3403c01,Turntable  4 x  4 (Complete),Dark Bluish Gray,1
2696,2696,Tyre 12.7/ 51 x 30,Black,18
2695,2695,Wheel Rim 12.7 x 30 Stepped,Light Bluish Gray,18
